area_slug,area_name,resale_year,average_change_pct_per_year,stddev_change_pct_per_year,sale_pairs_count
barking_and_dagenham,Barking And Dagenham,1995,1213.984106,3257.503298,12
barking_and_dagenham,Barking And Dagenham,1996,759.671435,3717.132328,38
barking_and_dagenham,Barking And Dagenham,1997,32.109398,96.951296,93
barking_and_dagenham,Barking And Dagenham,1998,89.368506,432.586225,116
barking_and_dagenham,Barking And Dagenham,1999,127603.260363,1838173.422913,210
barking_and_dagenham,Barking And Dagenham,2000,47.40076,121.65499,243
barking_and_dagenham,Barking And Dagenham,2001,630723.412213,12547127.112518,397
barking_and_dagenham,Barking And Dagenham,2002,181.920915,1718.400328,590
barking_and_dagenham,Barking And Dagenham,2003,4635.821579,128068.807244,782
barking_and_dagenham,Barking And Dagenham,2004,28.993816,59.555762,838
barking_and_dagenham,Barking And Dagenham,2005,57.603182,620.867043,797
barking_and_dagenham,Barking And Dagenham,2006,138701.907761,4559519.817752,1082
barking_and_dagenham,Barking And Dagenham,2007,15.966796,32.511029,1201
barking_and_dagenham,Barking And Dagenham,2008,13.50054,27.339433,529
barking_and_dagenham,Barking And Dagenham,2009,84683.969552,707359.680617,150
barking_and_dagenham,Barking And Dagenham,2010,16.200763,53.692792,187
barking_and_dagenham,Barking And Dagenham,2011,13.912456,36.791111,160
barking_and_dagenham,Barking And Dagenham,2012,10.996031,22.998918,162
barking_and_dagenham,Barking And Dagenham,2013,17.745765,139.213044,265
barking_and_dagenham,Barking And Dagenham,2014,24.240517,115.462746,394
barking_and_dagenham,Barking And Dagenham,2015,34.947882,374.065144,420
barking_and_dagenham,Barking And Dagenham,2016,31.478776,164.281469,405
barking_and_dagenham,Barking And Dagenham,2017,16.212562,45.059983,439
barking_and_dagenham,Barking And Dagenham,2018,12.459819,23.716733,455
barking_and_dagenham,Barking And Dagenham,2019,11.529479,64.433361,376
barking_and_dagenham,Barking And Dagenham,2020,9.723056,31.222316,364
barking_and_dagenham,Barking And Dagenham,2021,14.225355,154.83223,596
barking_and_dagenham,Barking And Dagenham,2022,18.555412,190.422161,479
barking_and_dagenham,Barking And Dagenham,2023,9.111654,20.069017,358
barking_and_dagenham,Barking And Dagenham,2024,9.939967,40.847123,457
barking_and_dagenham,Barking And Dagenham,2025,9073.13228,201239.014187,494
barking_and_dagenham,Barking And Dagenham,2026,5.152318,5.877397,47
barnet,Barnet,1995,436.525658,889.572868,36
barnet,Barnet,1996,1756.331775,18198.07866,150
barnet,Barnet,1997,26802.891695,476996.709353,323
barnet,Barnet,1998,104.767045,661.363104,494
barnet,Barnet,1999,244.695484,1242.617899,143
barnet,Barnet,2000,1424.960342,22462.615082,277
barnet,Barnet,2001,1827515.63283,54396541.961593,887
barnet,Barnet,2002,2.4963361698362684e+20,8.092818392308471e+21,1052
barnet,Barnet,2003,25338.924354,763266.586521,926
barnet,Barnet,2004,18.2424,32.44185,1074
barnet,Barnet,2005,191123263.268571,5506090837.680779,905
barnet,Barnet,2006,14.585536,36.065287,1347
barnet,Barnet,2007,21.165897,177.041116,1447
barnet,Barnet,2008,11.342846,18.560766,595
barnet,Barnet,2009,128.546859,2041.44058,302
barnet,Barnet,2010,103.773386,1652.957379,379
barnet,Barnet,2011,12.593556,23.096735,352
barnet,Barnet,2012,439.33782,8663.757656,417
barnet,Barnet,2013,225.188677,4736.393535,500
barnet,Barnet,2014,29.503832,218.715288,582
barnet,Barnet,2015,13.479643,19.95172,627
barnet,Barnet,2016,723.684188,17851.491732,639
barnet,Barnet,2017,17.145456,99.983651,600
barnet,Barnet,2018,9.07597,24.710764,569
barnet,Barnet,2019,8.256892,30.660819,600
barnet,Barnet,2020,23.852875,351.78652,648
barnet,Barnet,2021,6.945485,27.148213,1139
barnet,Barnet,2022,6.598539,11.486726,908
barnet,Barnet,2023,6440802.487766,163575895.372716,646
barnet,Barnet,2024,5.651202,16.448464,784
barnet,Barnet,2025,81942.740364,2288418.397745,781
barnet,Barnet,2026,5.966566,8.210388,56
bexley,Bexley,1995,527.556851,993.208159,15
bexley,Bexley,1996,78.672637,221.561477,92
bexley,Bexley,1997,82.227834,514.397782,217
bexley,Bexley,1998,146.793754,1734.833081,360
bexley,Bexley,1999,6139.857945,74370.426585,151
bexley,Bexley,2000,46.64283,70.34787,311
bexley,Bexley,2001,15393240.907532,386962576.036146,866
bexley,Bexley,2002,28.288524,134.640369,1160
bexley,Bexley,2003,48.376131,641.804137,1161
bexley,Bexley,2004,23.080217,91.205223,1345
bexley,Bexley,2005,16.649597,88.246665,1033
bexley,Bexley,2006,12.247195,26.933991,1619
bexley,Bexley,2007,12.921565,32.792073,1693
bexley,Bexley,2008,9.763634,17.615705,811
bexley,Bexley,2009,21.514838,210.042095,280
bexley,Bexley,2010,11.769525,24.392718,326
bexley,Bexley,2011,9.684076,18.201069,384
bexley,Bexley,2012,11.875743,53.414283,411
bexley,Bexley,2013,9.482802,16.350757,557
bexley,Bexley,2014,17.053759,77.605927,726
bexley,Bexley,2015,219.038618,5495.15865,731
bexley,Bexley,2016,19.191358,85.505665,763
bexley,Bexley,2017,11.598626,17.48481,835
bexley,Bexley,2018,10.15375,14.455236,853
bexley,Bexley,2019,8.649,16.47254,916
bexley,Bexley,2020,9.272049,24.874157,878
bexley,Bexley,2021,9.781403,60.529028,1430
bexley,Bexley,2022,9.412468,19.456053,1066
bexley,Bexley,2023,7.612379,25.650395,771
bexley,Bexley,2024,7.659909,54.321198,962
bexley,Bexley,2025,6.227377,21.686251,1045
bexley,Bexley,2026,4.255757,4.145372,77
brent,Brent,1995,428726258.209773,2375115138.395885,33
brent,Brent,1996,175605438641046.9,1702557895492512.0,95
brent,Brent,1997,5948.282182,77180.972785,210
brent,Brent,1998,128.366797,412.007903,313
brent,Brent,1999,45518.478414,390838.669462,99
brent,Brent,2000,30523.932249,360130.326508,167
brent,Brent,2001,59.883276,519.597959,474
brent,Brent,2002,3.603743240783954e+20,8.581147563639872e+21,568
brent,Brent,2003,6.049233994182542e+21,1.3634280990766557e+23,509
brent,Brent,2004,21.617586,31.463084,551
brent,Brent,2005,16.508516,36.940707,465
brent,Brent,2006,20.508967,116.078537,641
brent,Brent,2007,1230584243.395446,32230971964.892582,687
brent,Brent,2008,22.378357,165.266274,356
brent,Brent,2009,13.48078,36.188871,86
brent,Brent,2010,27.479894,88.596265,122
brent,Brent,2011,26.605208,73.245986,129
brent,Brent,2012,17.48558,46.413928,120
brent,Brent,2013,12.186165,16.360312,165
brent,Brent,2014,46.627431,291.595576,215
brent,Brent,2015,27.568028,89.162655,235
brent,Brent,2016,26.116213,62.052362,223
brent,Brent,2017,14.278279,28.007085,230
brent,Brent,2018,19.846993,108.899397,230
brent,Brent,2019,10.756918,23.79611,254
brent,Brent,2020,9.888907,22.022607,270
brent,Brent,2021,432363144.640433,8467160444.238616,417
brent,Brent,2022,258.056761,4101.409695,383
brent,Brent,2023,18.401873,95.989838,246
brent,Brent,2024,6.927882,18.419911,349
brent,Brent,2025,350.218353,6012.028223,307
brent,Brent,2026,4.694232,4.644465,21
bromley,Bromley,1995,184.757526,394.487196,30
bromley,Bromley,1996,59.041363,117.212657,113
bromley,Bromley,1997,230.11415,2310.051357,365
bromley,Bromley,1998,39.935095,126.78884,493
bromley,Bromley,1999,78.421891,306.150019,234
bromley,Bromley,2000,19498699.08264,383087440.626053,387
bromley,Bromley,2001,22.331598,83.117889,1364
bromley,Bromley,2002,30.46908,258.996147,1570
bromley,Bromley,2003,467.321371,17173.373436,1506
bromley,Bromley,2004,3.2058858960498025e+113,1.3571162900155591e+115,1793
bromley,Bromley,2005,54.722573,1533.890416,1442
bromley,Bromley,2006,19.440066,359.800448,2419
bromley,Bromley,2007,47.759981,1659.139013,2374
bromley,Bromley,2008,10.002582,16.589729,1082
bromley,Bromley,2009,8.132845,25.857033,579
bromley,Bromley,2010,12.672542,41.183289,637
bromley,Bromley,2011,8.396552,19.972542,647
bromley,Bromley,2012,12.278281,64.418016,726
bromley,Bromley,2013,11.484429,77.870866,970
bromley,Bromley,2014,22.380829,256.166558,1163
bromley,Bromley,2015,12.227765,19.425469,1270
bromley,Bromley,2016,13.218503,22.833483,1289
bromley,Bromley,2017,23.581877,447.121812,1271
bromley,Bromley,2018,31.032036,770.516928,1274
bromley,Bromley,2019,8.04715,24.129226,1316
bromley,Bromley,2020,7.650961,32.658524,1446
bromley,Bromley,2021,8.024326,42.464109,2211
bromley,Bromley,2022,83.308265,2110.012951,1641
bromley,Bromley,2023,101.671913,3191.579388,1182
bromley,Bromley,2024,2.1776361412485644e+19,8.260678359870888e+20,1440
bromley,Bromley,2025,12.486552,282.516978,1559
bromley,Bromley,2026,4.742766,6.824547,129
camden,Camden,1995,286.93664,449.454884,9
camden,Camden,1996,231.260359,835.330771,48
camden,Camden,1997,189.58986,424.294355,83
camden,Camden,1998,2563.8992,22859.339872,106
camden,Camden,1999,3440.605319,9677.003339,25
camden,Camden,2000,236.797923,1190.427593,54
camden,Camden,2001,48.28705,137.525502,149
camden,Camden,2002,74.402686,493.090896,208
camden,Camden,2003,22.168053,35.07772,139
camden,Camden,2004,16.351827,19.206127,178
camden,Camden,2005,15.7287,25.488835,153
camden,Camden,2006,17.821081,46.619908,236
camden,Camden,2007,12686.204235,185668.089433,216
camden,Camden,2008,12.711401,12.661608,108
camden,Camden,2009,10.372562,20.898455,77
camden,Camden,2010,19.69432,41.638047,91
camden,Camden,2011,15.957129,19.14732,84
camden,Camden,2012,20.443252,29.29495,63
camden,Camden,2013,16.071624,35.410789,110
camden,Camden,2014,25.948783,104.769716,84
camden,Camden,2015,13.046969,25.225393,88
camden,Camden,2016,17198.057424,168402.805629,97
camden,Camden,2017,9.948668,8.293306,90
camden,Camden,2018,6.011509,7.03224,113
camden,Camden,2019,6.384837,9.976235,102
camden,Camden,2020,5.576255,11.910186,141
camden,Camden,2021,88034.936697,1232402.700719,197
camden,Camden,2022,5.873527,6.631877,166
camden,Camden,2023,4.976721,7.959776,143
camden,Camden,2024,6.528618,15.432789,173
camden,Camden,2025,9.467063,33.309882,147
camden,Camden,2026,2.773103,2.88609,7
city_of_london,City Of London,1995,344.865099,0.0,1
city_of_london,City Of London,1996,11.986999,0.0,1
city_of_london,City Of London,1997,-9.230907,27.459436,2
city_of_london,City Of London,1998,-5.158722,0.0,1
city_of_london,City Of London,1999,10.172676,4.8151,2
city_of_london,City Of London,2000,25.803169,0.0,1
city_of_london,City Of London,2004,13.158213,0.386341,2
city_of_london,City Of London,2006,10.096731,0.0,1
city_of_london,City Of London,2007,7.450038,0.0,1
city_of_london,City Of London,2015,16.815984,0.0,1
city_of_london,City Of London,2020,3.960316,0.0,1
city_of_london,City Of London,2021,3.741316,0.0,1
city_of_london,City Of London,2022,3.56591,0.0,1
city_of_london,City Of London,2024,1.694417,0.0,1
city_of_westminster,City Of Westminster,1995,189.897358,198.084894,14
city_of_westminster,City Of Westminster,1996,771973.696458,5391553.11601,50
city_of_westminster,City Of Westminster,1997,711.672117,4972.954885,104
city_of_westminster,City Of Westminster,1998,1383603.131709,16075140.224003,136
city_of_westminster,City Of Westminster,1999,1007.944798,4990.179855,34
city_of_westminster,City Of Westminster,2000,150.542363,398.506315,68
city_of_westminster,City Of Westminster,2001,6822031030196.483,82430914472306.48,147
city_of_westminster,City Of Westminster,2002,121.979741,1097.76838,197
city_of_westminster,City Of Westminster,2003,40464.336246,527222.939297,171
city_of_westminster,City Of Westminster,2004,7.650094553934332e+293,nan,176
city_of_westminster,City Of Westminster,2005,16.364623,42.692711,164
city_of_westminster,City Of Westminster,2006,4142.410272,62231.154512,229
city_of_westminster,City Of Westminster,2007,25.203829,31.214706,205
city_of_westminster,City Of Westminster,2008,18.151458,32.402223,102
city_of_westminster,City Of Westminster,2009,19.305247,49.652639,73
city_of_westminster,City Of Westminster,2010,11.01742,11.94366,86
city_of_westminster,City Of Westminster,2011,36.709328,142.573979,74
city_of_westminster,City Of Westminster,2012,12.989575,31.924599,76
city_of_westminster,City Of Westminster,2013,202.888209,1975.070795,105
city_of_westminster,City Of Westminster,2014,17.132704,17.05781,112
city_of_westminster,City Of Westminster,2015,19.502524,51.568041,87
city_of_westminster,City Of Westminster,2016,595.644677,5814.22616,100
city_of_westminster,City Of Westminster,2017,8.732641,14.328097,101
city_of_westminster,City Of Westminster,2018,7.015257,19.492205,97
city_of_westminster,City Of Westminster,2019,6.833747,16.196577,103
city_of_westminster,City Of Westminster,2020,11.081423,48.087689,141
city_of_westminster,City Of Westminster,2021,6.493875,21.053344,171
city_of_westminster,City Of Westminster,2022,757.155361,9830.011926,172
city_of_westminster,City Of Westminster,2023,254.35037,2945.49187,142
city_of_westminster,City Of Westminster,2024,3.911319,9.705117,166
city_of_westminster,City Of Westminster,2025,11.427178,73.074459,116
city_of_westminster,City Of Westminster,2026,2.7947,1.990439,9
croydon,Croydon,1995,244.134479,400.589168,28
croydon,Croydon,1996,661978.135204,6941775.524374,111
croydon,Croydon,1997,2.246526308543336e+56,3.987188662852393e+57,316
croydon,Croydon,1998,99.773434,846.765123,610
croydon,Croydon,1999,654219828.894498,10261015225.701344,247
croydon,Croydon,2000,2105.968902,35220.840848,310
croydon,Croydon,2001,27.57859,159.07988,1003
croydon,Croydon,2002,2.150244210435026e+40,8.246964466998297e+41,1472
croydon,Croydon,2003,45.65334,526.441365,1503
croydon,Croydon,2004,234.138121,8368.876747,1658
croydon,Croydon,2005,22.879432,112.870697,1100
croydon,Croydon,2006,13.402808,37.065596,1909
croydon,Croydon,2007,42.429009,1253.942958,2073
croydon,Croydon,2008,66.771627,1786.092338,981
croydon,Croydon,2009,19.346824,156.474381,373
croydon,Croydon,2010,11.068729,23.425986,412
croydon,Croydon,2011,15.337508,98.87175,452
croydon,Croydon,2012,16.514401,108.180603,479
croydon,Croydon,2013,9.337874,17.926172,637
croydon,Croydon,2014,33.84463,270.906215,876
croydon,Croydon,2015,204067.542409,6383830.385123,980
croydon,Croydon,2016,78701695219.54694,2473788459991.9214,989
croydon,Croydon,2017,43.018329,853.448642,993
croydon,Croydon,2018,1149458793.706498,38330615592.905685,1113
croydon,Croydon,2019,10.198688,57.569936,1079
croydon,Croydon,2020,39975920118427.914,1291042747592653.2,1044
croydon,Croydon,2021,794775121379.7277,33822327398425.258,1812
croydon,Croydon,2022,1977.030209,73076.039315,1382
croydon,Croydon,2023,9.717852,39.511137,980
croydon,Croydon,2024,776.303765,26177.635202,1254
croydon,Croydon,2025,1.4014734039057976e+28,5.189237978011434e+29,1372
croydon,Croydon,2026,4.340096,7.050638,95
ealing,Ealing,1995,554390.62979,2928046.276437,29
ealing,Ealing,1996,394.875486,2747.030623,129
ealing,Ealing,1997,1982730.426541,33879201.464151,293
ealing,Ealing,1998,49.666065,107.415352,435
ealing,Ealing,1999,521.705513,3532.188488,157
ealing,Ealing,2000,17319497413.267456,275520479460.9416,276
ealing,Ealing,2001,22.920461,39.740077,851
ealing,Ealing,2002,30.587766,91.434271,1025
ealing,Ealing,2003,29.862249,112.092974,949
ealing,Ealing,2004,6260.169074,210235.503113,1144
ealing,Ealing,2005,2.9587951870217103e+18,9.105208456663399e+19,948
ealing,Ealing,2006,14.398841,43.312085,1413
ealing,Ealing,2007,17.863889,77.793691,1306
ealing,Ealing,2008,11.761488,26.541898,609
ealing,Ealing,2009,10.590441,38.027318,238
ealing,Ealing,2010,4640.723874,82248.698228,323
ealing,Ealing,2011,12.813433,36.54405,315
ealing,Ealing,2012,10.632688,13.512395,316
ealing,Ealing,2013,9.352939,12.057813,390
ealing,Ealing,2014,27911.613892,565263.992547,412
ealing,Ealing,2015,27905857.957168,588673275.363637,446
ealing,Ealing,2016,14.442742,35.655326,415
ealing,Ealing,2017,12690.08468,265555.114432,440
ealing,Ealing,2018,22.414195,211.711468,458
ealing,Ealing,2019,9.414977,19.466172,447
ealing,Ealing,2020,15.605646,218.069077,510
ealing,Ealing,2021,347.729327,9911.260587,847
ealing,Ealing,2022,8.605297,42.170485,696
ealing,Ealing,2023,7.280971,21.522719,586
ealing,Ealing,2024,365.089458,9141.133443,650
ealing,Ealing,2025,6.437339,19.937188,632
ealing,Ealing,2026,4.770715,4.91841,59
enfield,Enfield,1995,126.35331,177.737649,54
enfield,Enfield,1996,200328414153978.97,2266457280269304.0,129
enfield,Enfield,1997,139.153469,508.28396,293
enfield,Enfield,1998,74.868389,746.015963,457
enfield,Enfield,1999,170.073639,411.414811,158
enfield,Enfield,2000,266.311526,2879.169794,240
enfield,Enfield,2001,9.376664086144681e+27,2.7941829663310016e+29,889
enfield,Enfield,2002,66.005196,909.079303,1098
enfield,Enfield,2003,25.314171,62.434549,1122
enfield,Enfield,2004,585448.284566,20431265.342258,1219
enfield,Enfield,2005,15.190739,27.963957,1044
enfield,Enfield,2006,273.774657,10204.576519,1583
enfield,Enfield,2007,38.896172,841.659418,1658
enfield,Enfield,2008,13.921916,54.025189,718
enfield,Enfield,2009,20567.919363,245857.698627,245
enfield,Enfield,2010,19.796857,77.67765,279
enfield,Enfield,2011,65.791403,777.057358,269
enfield,Enfield,2012,10.313521,15.137281,314
enfield,Enfield,2013,14.943991,63.099419,347
enfield,Enfield,2014,15.335136,31.902547,454
enfield,Enfield,2015,16.77163,50.780431,567
enfield,Enfield,2016,71.121036,1171.705821,547
enfield,Enfield,2017,556.594166,12620.639611,538
enfield,Enfield,2018,10.682386,28.306442,488
enfield,Enfield,2019,7.488493,11.867629,509
enfield,Enfield,2020,9.254157,45.711794,501
enfield,Enfield,2021,8.099311,37.645742,953
enfield,Enfield,2022,8.114899,22.996034,728
enfield,Enfield,2023,10.434755,54.744031,545
enfield,Enfield,2024,6.792203,34.520263,679
enfield,Enfield,2025,5.490984,32.663865,773
enfield,Enfield,2026,4.209681,4.245232,54
greenwich,Greenwich,1995,1124.993842,4098.914156,24
greenwich,Greenwich,1996,1007.529327,6766.021031,77
greenwich,Greenwich,1997,550.314309,6120.195035,178
greenwich,Greenwich,1998,233562.772309,3523632.893857,306
greenwich,Greenwich,1999,395.927261,3106.062115,157
greenwich,Greenwich,2000,68.760482,224.383951,256
greenwich,Greenwich,2001,28.626845,85.097619,608
greenwich,Greenwich,2002,18898740.695476,566330260.222316,899
greenwich,Greenwich,2003,28.499173,135.238886,965
greenwich,Greenwich,2004,27916989.737853,903318155.626732,1048
greenwich,Greenwich,2005,3.828360240152946e+51,1.1128615861141228e+53,846
greenwich,Greenwich,2006,16.629774,54.2453,1179
greenwich,Greenwich,2007,14.949205,24.432448,1287
greenwich,Greenwich,2008,2992.74151,73915.96144,615
greenwich,Greenwich,2009,7.438554,12.660469,263
greenwich,Greenwich,2010,14.320936,33.909778,267
greenwich,Greenwich,2011,12.361362,37.885464,272
greenwich,Greenwich,2012,10.793214,19.456305,301
greenwich,Greenwich,2013,12.334019,24.667056,393
greenwich,Greenwich,2014,31.542934,171.194632,499
greenwich,Greenwich,2015,24.749176,134.227517,557
greenwich,Greenwich,2016,16.774012,34.820138,505
greenwich,Greenwich,2017,17.065496,67.418602,561
greenwich,Greenwich,2018,10.095423,18.173029,561
greenwich,Greenwich,2019,20.07533,278.994096,580
greenwich,Greenwich,2020,9.722423,28.804835,571
greenwich,Greenwich,2021,36.549763,781.703817,962
greenwich,Greenwich,2022,2.6361227383043823e+173,nan,704
greenwich,Greenwich,2023,6.590961,13.666672,568
greenwich,Greenwich,2024,6.564168,30.738056,666
greenwich,Greenwich,2025,5.234935,8.167254,693
greenwich,Greenwich,2026,2.982268,15.008071,61
hackney,Hackney,1995,8.985800696151764e+38,3.916819716132297e+39,20
hackney,Hackney,1996,2619.919842,9322.500813,40
hackney,Hackney,1997,539.880525,2126.375389,118
hackney,Hackney,1998,5078.524862,62663.403362,164
hackney,Hackney,1999,992332.499572,8021161.990213,67
hackney,Hackney,2000,5350278173982.815,51318065449107.65,93
hackney,Hackney,2001,44.603696,100.113954,258
hackney,Hackney,2002,5.027722780321748e+51,9.063856141634217e+52,326
hackney,Hackney,2003,397.017927,6151.341679,283
hackney,Hackney,2004,22.345434,40.767912,337
hackney,Hackney,2005,46.389133,342.668426,283
hackney,Hackney,2006,29.61257,244.443548,374
hackney,Hackney,2007,26.903877,140.534643,367
hackney,Hackney,2008,14.538199,10.052362,150
hackney,Hackney,2009,25.470979,81.255689,72
hackney,Hackney,2010,20.389642,43.440975,100
hackney,Hackney,2011,25.047465,57.700994,88
hackney,Hackney,2012,16.710842,34.801982,105
hackney,Hackney,2013,16.569553,32.021696,111
hackney,Hackney,2014,25.668368,53.518214,122
hackney,Hackney,2015,19.23754,37.613448,120
hackney,Hackney,2016,2819205.068142,30363267.682294,117
hackney,Hackney,2017,23497820629.69823,299078429336.4936,163
hackney,Hackney,2018,10.281247,5.672187,155
hackney,Hackney,2019,8.784768,10.310372,177
hackney,Hackney,2020,8.410781,15.232411,159
hackney,Hackney,2021,8.900045,20.354264,289
hackney,Hackney,2022,9.279058,28.77769,263
hackney,Hackney,2023,7.146432,8.042082,195
hackney,Hackney,2024,7.259671,8.63778,213
hackney,Hackney,2025,7.503945,16.473085,223
hackney,Hackney,2026,22.545805,37.542528,11
hammersmith_and_fulham,Hammersmith And Fulham,1995,637.59203,1088.682684,19
hammersmith_and_fulham,Hammersmith And Fulham,1996,2.4612768926953043e+40,2.569648516303792e+41,110
hammersmith_and_fulham,Hammersmith And Fulham,1997,694.348044,7237.65463,191
hammersmith_and_fulham,Hammersmith And Fulham,1998,98.088257,654.163817,248
hammersmith_and_fulham,Hammersmith And Fulham,1999,156.883209,159.784919,44
hammersmith_and_fulham,Hammersmith And Fulham,2000,413.46198,2524.352518,96
hammersmith_and_fulham,Hammersmith And Fulham,2001,133.50834,2177.083318,430
hammersmith_and_fulham,Hammersmith And Fulham,2002,27.776917,88.690363,502
hammersmith_and_fulham,Hammersmith And Fulham,2003,58.533403,849.203035,420
hammersmith_and_fulham,Hammersmith And Fulham,2004,16.116387,38.017611,500
hammersmith_and_fulham,Hammersmith And Fulham,2005,13.416433,38.831593,475
hammersmith_and_fulham,Hammersmith And Fulham,2006,27.710763,318.893147,670
hammersmith_and_fulham,Hammersmith And Fulham,2007,31.234253,249.387838,609
hammersmith_and_fulham,Hammersmith And Fulham,2008,19.737127,72.352603,260
hammersmith_and_fulham,Hammersmith And Fulham,2009,8.981719,7.719933,158
hammersmith_and_fulham,Hammersmith And Fulham,2010,19.400817,99.30652,220
hammersmith_and_fulham,Hammersmith And Fulham,2011,16.851919,32.506969,202
hammersmith_and_fulham,Hammersmith And Fulham,2012,17.59363,21.369759,195
hammersmith_and_fulham,Hammersmith And Fulham,2013,16.60218,18.221683,242
hammersmith_and_fulham,Hammersmith And Fulham,2014,21.537119,37.809829,251
hammersmith_and_fulham,Hammersmith And Fulham,2015,14.299204,11.968804,221
hammersmith_and_fulham,Hammersmith And Fulham,2016,12.590827,12.748767,199
hammersmith_and_fulham,Hammersmith And Fulham,2017,10.079983,11.374712,220
hammersmith_and_fulham,Hammersmith And Fulham,2018,6.652472,7.899768,218
hammersmith_and_fulham,Hammersmith And Fulham,2019,6.527504,10.416365,237
hammersmith_and_fulham,Hammersmith And Fulham,2020,5.433636,7.379324,270
hammersmith_and_fulham,Hammersmith And Fulham,2021,5.74314,8.251109,464
hammersmith_and_fulham,Hammersmith And Fulham,2022,5.675875,9.773906,423
hammersmith_and_fulham,Hammersmith And Fulham,2023,6.127242,12.791809,303
hammersmith_and_fulham,Hammersmith And Fulham,2024,5.800339,10.395916,389
hammersmith_and_fulham,Hammersmith And Fulham,2025,5.418016,10.706681,288
hammersmith_and_fulham,Hammersmith And Fulham,2026,1.167342,3.803015,18
haringey,Haringey,1995,4992026286.453933,32734895591.891174,44
haringey,Haringey,1996,1.7274793570081813e+33,1.8197859996184845e+34,112
haringey,Haringey,1997,7199.897627,75448.815259,197
haringey,Haringey,1998,216373079123777.72,3548782357422171.5,270
haringey,Haringey,1999,1152.170249,5862.633031,122
haringey,Haringey,2000,5.786754035320111e+33,8.737806976859958e+34,229
haringey,Haringey,2001,53.5416,578.924287,502
haringey,Haringey,2002,107.572818,1263.87749,549
haringey,Haringey,2003,28.738103,65.399494,584
haringey,Haringey,2004,36.772336,170.892693,664
haringey,Haringey,2005,17.764872,49.770886,578
haringey,Haringey,2006,19.777188,93.852143,842
haringey,Haringey,2007,56148079929.73358,1574150248629.5513,787
haringey,Haringey,2008,14.149714,21.99485,376
haringey,Haringey,2009,18.274883,92.6792,159
haringey,Haringey,2010,24.392076,67.581929,216
haringey,Haringey,2011,16.668468,52.340303,213
haringey,Haringey,2012,17.026813,39.143721,183
haringey,Haringey,2013,14.313709,22.621601,251
haringey,Haringey,2014,29.1088,96.052933,308
haringey,Haringey,2015,31.825197,105.64079,358
haringey,Haringey,2016,72.956878,653.421559,279
haringey,Haringey,2017,13.907177,33.774596,323
haringey,Haringey,2018,11.506709,19.270762,322
haringey,Haringey,2019,8.054496,9.564606,358
haringey,Haringey,2020,11.078546,61.06626,387
haringey,Haringey,2021,11.288616,107.603252,614
haringey,Haringey,2022,38.872084,688.626137,511
haringey,Haringey,2023,10.321804,68.780389,371
haringey,Haringey,2024,6.579373,12.446585,435
haringey,Haringey,2025,6.482043,15.607505,473
haringey,Haringey,2026,4.803524,6.406085,41
harrow,Harrow,1995,677.012463,634.045387,17
harrow,Harrow,1996,3278.819104,27869.289315,83
harrow,Harrow,1997,165.649289,553.435611,191
harrow,Harrow,1998,332.394076,2964.126482,292
harrow,Harrow,1999,2911.71344,13622.596663,84
harrow,Harrow,2000,50591.820345,644856.721251,164
harrow,Harrow,2001,47.993059,287.020314,574
harrow,Harrow,2002,515.455191,11988.938174,672
harrow,Harrow,2003,2.1304390000604964e+20,5.684720289584073e+21,713
harrow,Harrow,2004,20.166933,39.209206,694
harrow,Harrow,2005,15.455733,58.559472,621
harrow,Harrow,2006,11.895732,16.109791,931
harrow,Harrow,2007,13.651818,25.381271,868
harrow,Harrow,2008,10.373317,23.831655,471
harrow,Harrow,2009,9.547249,22.109933,173
harrow,Harrow,2010,11.286494,27.637847,210
harrow,Harrow,2011,10.597882,17.494166,201
harrow,Harrow,2012,17.383729,60.709355,201
harrow,Harrow,2013,10.928204,21.913076,271
harrow,Harrow,2014,18.712241,106.492048,326
harrow,Harrow,2015,134117.181489,1272162.63699,360
harrow,Harrow,2016,30.794175,170.201515,325
harrow,Harrow,2017,9.596562,12.748308,296
harrow,Harrow,2018,12.955817,86.541545,332
harrow,Harrow,2019,10.166603,47.825897,340
harrow,Harrow,2020,6.239768,14.541109,333
harrow,Harrow,2021,20.511805,329.591775,610
harrow,Harrow,2022,9.930967,30.131345,448
harrow,Harrow,2023,9.528428,51.844089,353
harrow,Harrow,2024,5.373608,11.817559,459
harrow,Harrow,2025,5.147923,25.81048,425
harrow,Harrow,2026,4.048168,5.835444,36
havering,Havering,1995,134.554733,201.547823,22
havering,Havering,1996,18665.292597,171063.784509,86
havering,Havering,1997,60381609923766.3,881240584640087.5,214
havering,Havering,1998,180.824072,2624.885575,354
havering,Havering,1999,3098.923888,24069.039327,125
havering,Havering,2000,37.45385,63.57643,219
havering,Havering,2001,7.418702933807934e+35,1.9684043250039785e+37,705
havering,Havering,2002,31.989882,96.066837,931
havering,Havering,2003,30.130747,107.529764,983
havering,Havering,2004,25.960422,99.396138,1105
havering,Havering,2005,33.2576,427.058958,1104
havering,Havering,2006,27.751944,491.695174,1504
havering,Havering,2007,16.914406,63.260824,1628
havering,Havering,2008,15.358296,78.267233,765
havering,Havering,2009,10.307477,35.862201,264
havering,Havering,2010,10.833141,19.869683,306
havering,Havering,2011,14.253835,40.788508,311
havering,Havering,2012,10.085549,19.073591,368
havering,Havering,2013,8.324413,12.709532,478
havering,Havering,2014,16.499432,86.560843,687
havering,Havering,2015,242197.777963,6385089.592579,698
havering,Havering,2016,19.877466,85.866773,760
havering,Havering,2017,12.979476,39.094729,852
havering,Havering,2018,11.27669,24.645392,901
havering,Havering,2019,9.673626,42.14777,963
havering,Havering,2020,5.763940647527991e+18,1.746387621650455e+20,919
havering,Havering,2021,64.817548,2141.134561,1562
havering,Havering,2022,13.341557,143.301469,1185
havering,Havering,2023,10.119537,49.31622,843
havering,Havering,2024,6.950018,25.572385,1150
havering,Havering,2025,6.546378,21.207465,1224
havering,Havering,2026,7.936705,25.638516,112
hillingdon,Hillingdon,1995,28.711217,67.868323,14
hillingdon,Hillingdon,1996,61.926526,182.365863,79
hillingdon,Hillingdon,1997,6654.821852,67979.214557,217
hillingdon,Hillingdon,1998,22.850226,44.217215,417
hillingdon,Hillingdon,1999,2346.417857,27489.099614,188
hillingdon,Hillingdon,2000,21867944529.642124,401442091334.21594,338
hillingdon,Hillingdon,2001,16.458997,16.700461,820
hillingdon,Hillingdon,2002,28.390781,163.872427,1185
hillingdon,Hillingdon,2003,5262540.817623,185834807.733201,1248
hillingdon,Hillingdon,2004,2.4727506202614032e+117,9.125756433339811e+118,1363
hillingdon,Hillingdon,2005,12.92513,25.108074,1099
hillingdon,Hillingdon,2006,12.206117,30.216994,1582
hillingdon,Hillingdon,2007,288.274838,11116.079975,1687
hillingdon,Hillingdon,2008,437.467338,12178.527997,814
hillingdon,Hillingdon,2009,15248817131.108488,253315274273.41092,294
hillingdon,Hillingdon,2010,13.903999,56.94714,437
hillingdon,Hillingdon,2011,10.786141,25.25306,431
hillingdon,Hillingdon,2012,16.189548,68.649274,380
hillingdon,Hillingdon,2013,7.966663,19.760441,480
hillingdon,Hillingdon,2014,10.574962,17.881085,568
hillingdon,Hillingdon,2015,1.7627183138946679e+19,4.5387857311120065e+20,664
hillingdon,Hillingdon,2016,13.861077,32.089573,649
hillingdon,Hillingdon,2017,11.66734,24.146897,628
hillingdon,Hillingdon,2018,8.522123,11.220512,639
hillingdon,Hillingdon,2019,20.396162,283.119486,692
hillingdon,Hillingdon,2020,6.684185,12.21085,670
hillingdon,Hillingdon,2021,11.33822,162.518807,1225
hillingdon,Hillingdon,2022,6.681527,15.349108,856
hillingdon,Hillingdon,2023,6.278891,11.97937,641
hillingdon,Hillingdon,2024,5.879681,18.490694,854
hillingdon,Hillingdon,2025,5.229072,13.105623,850
hillingdon,Hillingdon,2026,3.862277,2.055708,92
hounslow,Hounslow,1995,131.062338,182.95993,17
hounslow,Hounslow,1996,300.028319,1831.349507,78
hounslow,Hounslow,1997,68.958853,291.179277,212
hounslow,Hounslow,1998,44.230057,184.310933,285
hounslow,Hounslow,1999,6.594632439672497e+21,6.1510636480621235e+22,88
hounslow,Hounslow,2000,1952745338355.69,28297968386246.754,211
hounslow,Hounslow,2001,22.855495,90.750825,690
hounslow,Hounslow,2002,25.698839,76.92072,837
hounslow,Hounslow,2003,399.023616,10650.418139,803
hounslow,Hounslow,2004,189446046.882811,5597480777.848833,874
hounslow,Hounslow,2005,12.424823,14.150306,787
hounslow,Hounslow,2006,12.40688,26.285404,1111
hounslow,Hounslow,2007,87.752155,2479.032159,1178
hounslow,Hounslow,2008,9.87192,12.60147,499
hounslow,Hounslow,2009,8.21966,12.12021,169
hounslow,Hounslow,2010,17.918027,43.811816,239
hounslow,Hounslow,2011,12.0162,28.333993,214
hounslow,Hounslow,2012,12.831821,31.481802,239
hounslow,Hounslow,2013,12.352194,24.414433,320
hounslow,Hounslow,2014,16.449388,59.863057,337
hounslow,Hounslow,2015,14.156535,29.230427,386
hounslow,Hounslow,2016,14.279734,24.03385,345
hounslow,Hounslow,2017,17.747109,138.358734,380
hounslow,Hounslow,2018,7.957129,13.992644,412
hounslow,Hounslow,2019,8.296036,25.673086,358
hounslow,Hounslow,2020,23.472174,273.184669,401
hounslow,Hounslow,2021,7.278834,16.386552,687
hounslow,Hounslow,2022,6545254358.658479,159655894248.54764,596
hounslow,Hounslow,2023,5.7268,6.902153,389
hounslow,Hounslow,2024,2646547663788561.5,5.737578611445011e+16,471
hounslow,Hounslow,2025,6.173099,26.47018,493
hounslow,Hounslow,2026,10.081182,29.482988,32
islington,Islington,1995,1143.368598,2095.223965,16
islington,Islington,1996,366.109854,1039.095811,32
islington,Islington,1997,19325.613502,168313.920309,93
islington,Islington,1998,557.025337,4344.897556,120
islington,Islington,1999,44707017.384567,260676955.241785,35
islington,Islington,2000,88.458935,115.486537,62
islington,Islington,2001,344.83373,3775.720546,204
islington,Islington,2002,58.367735,381.841771,230
islington,Islington,2003,23.378145,58.903418,179
islington,Islington,2004,14.50705,16.023265,215
islington,Islington,2005,12.000146,12.733811,218
islington,Islington,2006,15.698844,35.373938,351
islington,Islington,2007,24.217805,60.096998,305
islington,Islington,2008,15.463332,24.731206,151
islington,Islington,2009,32.003309,123.81309,77
islington,Islington,2010,17.046565,41.072815,116
islington,Islington,2011,21.138266,76.008032,101
islington,Islington,2012,16.368581,25.733452,92
islington,Islington,2013,20.189571,31.299237,107
islington,Islington,2014,14.783736,13.918703,144
islington,Islington,2015,10655.729148,130323.256916,151
islington,Islington,2016,16.0668,59.7854,139
islington,Islington,2017,8.903542,5.976076,134
islington,Islington,2018,7.846079,11.26563,109
islington,Islington,2019,5.742,6.232992,146
islington,Islington,2020,9.421301,52.199732,176
islington,Islington,2021,5.806855,10.641194,293
islington,Islington,2022,5.667253,7.850164,251
islington,Islington,2023,9.139666,33.403363,197
islington,Islington,2024,6.642148,16.16727,222
islington,Islington,2025,6.95627,10.715357,169
islington,Islington,2026,4.285393,3.252773,10
kensington_and_chelsea,Kensington And Chelsea,1995,149.466301,282.523559,17
kensington_and_chelsea,Kensington And Chelsea,1996,117732.878081,931009.207155,67
kensington_and_chelsea,Kensington And Chelsea,1997,298.257944,2489.522335,162
kensington_and_chelsea,Kensington And Chelsea,1998,29.513952,50.740187,151
kensington_and_chelsea,Kensington And Chelsea,1999,8.130431517872979e+35,5.573943023875153e+36,48
kensington_and_chelsea,Kensington And Chelsea,2000,159.291832,531.604533,76
kensington_and_chelsea,Kensington And Chelsea,2001,31.165445,69.867463,219
kensington_and_chelsea,Kensington And Chelsea,2002,157515.205648,2133075.297643,245
kensington_and_chelsea,Kensington And Chelsea,2003,78.164148,784.363559,202
kensington_and_chelsea,Kensington And Chelsea,2004,3786668794250481.5,5.902832468769619e+16,244
kensington_and_chelsea,Kensington And Chelsea,2005,522.60474,7660.173157,255
kensington_and_chelsea,Kensington And Chelsea,2006,399.995312,7220.760959,361
kensington_and_chelsea,Kensington And Chelsea,2007,31.045874,86.034364,294
kensington_and_chelsea,Kensington And Chelsea,2008,15.860233,24.646554,145
kensington_and_chelsea,Kensington And Chelsea,2009,17.815709,35.22832,72
kensington_and_chelsea,Kensington And Chelsea,2010,13.063866,13.590401,92
kensington_and_chelsea,Kensington And Chelsea,2011,26.163876,97.530073,95
kensington_and_chelsea,Kensington And Chelsea,2012,540.962338,4832.034148,86
kensington_and_chelsea,Kensington And Chelsea,2013,11.423201,20.762585,138
kensington_and_chelsea,Kensington And Chelsea,2014,24.186917,86.095653,158
kensington_and_chelsea,Kensington And Chelsea,2015,10.743193,12.198066,125
kensington_and_chelsea,Kensington And Chelsea,2016,189.677668,1937.692061,118
kensington_and_chelsea,Kensington And Chelsea,2017,17.047344,58.003649,105
kensington_and_chelsea,Kensington And Chelsea,2018,6.278136,13.954976,138
kensington_and_chelsea,Kensington And Chelsea,2019,6.100734,14.837716,130
kensington_and_chelsea,Kensington And Chelsea,2020,12.493341,88.766389,183
kensington_and_chelsea,Kensington And Chelsea,2021,75.788354,1038.171648,230
kensington_and_chelsea,Kensington And Chelsea,2022,6.289863,13.010645,250
kensington_and_chelsea,Kensington And Chelsea,2023,7.655885,20.130001,178
kensington_and_chelsea,Kensington And Chelsea,2024,4.428933,9.02479,156
kensington_and_chelsea,Kensington And Chelsea,2025,5.106341,15.581497,143
kensington_and_chelsea,Kensington And Chelsea,2026,64.569277,156.630769,8
kingston_upon_thames,Kingston Upon Thames,1995,45197.069136,155690.423648,13
kingston_upon_thames,Kingston Upon Thames,1996,289.028472,1418.055804,81
kingston_upon_thames,Kingston Upon Thames,1997,53.994623,158.477096,193
kingston_upon_thames,Kingston Upon Thames,1998,29.070991,53.847545,376
kingston_upon_thames,Kingston Upon Thames,1999,169.861628,299.397594,42
kingston_upon_thames,Kingston Upon Thames,2000,118.153251,433.237109,141
kingston_upon_thames,Kingston Upon Thames,2001,23.457165,112.144059,712
kingston_upon_thames,Kingston Upon Thames,2002,20.53937,32.071761,819
kingston_upon_thames,Kingston Upon Thames,2003,16.605427,13.835427,741
kingston_upon_thames,Kingston Upon Thames,2004,18.356101,83.157802,801
kingston_upon_thames,Kingston Upon Thames,2005,11.875424,14.472259,594
kingston_upon_thames,Kingston Upon Thames,2006,12.681639,30.268547,1170
kingston_upon_thames,Kingston Upon Thames,2007,42.062941,881.039556,1091
kingston_upon_thames,Kingston Upon Thames,2008,11.678153,17.350558,469
kingston_upon_thames,Kingston Upon Thames,2009,6.697665,7.07772,232
kingston_upon_thames,Kingston Upon Thames,2010,11.292327,23.429781,271
kingston_upon_thames,Kingston Upon Thames,2011,12.552421,31.272031,274
kingston_upon_thames,Kingston Upon Thames,2012,11.677243,22.174636,328
kingston_upon_thames,Kingston Upon Thames,2013,1002.899247,18719.557437,357
kingston_upon_thames,Kingston Upon Thames,2014,15.837324,46.91026,478
kingston_upon_thames,Kingston Upon Thames,2015,12.923719,20.594701,460
kingston_upon_thames,Kingston Upon Thames,2016,6101574516.765557,126965539902.41647,434
kingston_upon_thames,Kingston Upon Thames,2017,9.487171,10.526204,459
kingston_upon_thames,Kingston Upon Thames,2018,7.681252,6.293211,489
kingston_upon_thames,Kingston Upon Thames,2019,6.720465,10.360413,509
kingston_upon_thames,Kingston Upon Thames,2020,6.642381,14.249506,520
kingston_upon_thames,Kingston Upon Thames,2021,5.743394,7.465228,849
kingston_upon_thames,Kingston Upon Thames,2022,7.442377,15.925668,635
kingston_upon_thames,Kingston Upon Thames,2023,6.0228,12.357166,530
kingston_upon_thames,Kingston Upon Thames,2024,5.817014,12.872799,585
kingston_upon_thames,Kingston Upon Thames,2025,7.654016,63.400409,609
kingston_upon_thames,Kingston Upon Thames,2026,4.990515,11.927529,55
lambeth,Lambeth,1995,15675681290420.227,92738581166776.38,36
lambeth,Lambeth,1996,8787230470576.2295,95857367072771.53,120
lambeth,Lambeth,1997,6621.475095,68000.839325,260
lambeth,Lambeth,1998,13025.800647,196025.825209,375
lambeth,Lambeth,1999,2024.309175,14371.134885,109
lambeth,Lambeth,2000,212.670334,979.186474,207
lambeth,Lambeth,2001,1233034169.887225,27708995965.47267,506
lambeth,Lambeth,2002,173740859.592461,4367776151.745898,633
lambeth,Lambeth,2003,32835.009604,776196.539731,561
lambeth,Lambeth,2004,23.024461,60.819629,661
lambeth,Lambeth,2005,71.939097,955.36556,505
lambeth,Lambeth,2006,18.435865,65.654164,838
lambeth,Lambeth,2007,23.408199,77.950527,780
lambeth,Lambeth,2008,62.758947,930.72334,353
lambeth,Lambeth,2009,68.714397,463.317662,145
lambeth,Lambeth,2010,40.040709,252.820932,189
lambeth,Lambeth,2011,12.743914,29.032257,198
lambeth,Lambeth,2012,14.018416,20.899448,254
lambeth,Lambeth,2013,16.788135,33.04436,310
lambeth,Lambeth,2014,38.641735,205.472989,295
lambeth,Lambeth,2015,30.564921,153.389695,344
lambeth,Lambeth,2016,18.641484,34.279495,323
lambeth,Lambeth,2017,12.634746,13.762958,348
lambeth,Lambeth,2018,58457.195623,1080881.461774,343
lambeth,Lambeth,2019,6.689554,7.272456,397
lambeth,Lambeth,2020,23.152483,301.757324,452
lambeth,Lambeth,2021,6.448501,11.436704,718
lambeth,Lambeth,2022,6.777556,12.540077,593
lambeth,Lambeth,2023,7.74085,27.941902,430
lambeth,Lambeth,2024,1160.742098,27135.108707,554
lambeth,Lambeth,2025,6.058999,16.063495,513
lambeth,Lambeth,2026,6.325499,13.699724,41
lewisham,Lewisham,1995,3005472.805835,12749891.683135,19
lewisham,Lewisham,1996,9313.950301,49100.49061,91
lewisham,Lewisham,1997,9676.344088,126903.505546,190
lewisham,Lewisham,1998,3637635274760288.0,6.598072778491603e+16,330
lewisham,Lewisham,1999,1087153.422457,13310902.92568,151
lewisham,Lewisham,2000,1462692.72929,24077483.965454,272
lewisham,Lewisham,2001,37.222271,251.079029,683
lewisham,Lewisham,2002,54617.297914,1604300.347308,865
lewisham,Lewisham,2003,2.903320384557667e+34,8.499343358088073e+35,858
lewisham,Lewisham,2004,32.912348,207.762318,1030
lewisham,Lewisham,2005,18.924557,43.258066,792
lewisham,Lewisham,2006,16.035115,44.768278,1157
lewisham,Lewisham,2007,20.592432,70.234218,1219
lewisham,Lewisham,2008,14.525087,24.299915,553
lewisham,Lewisham,2009,3676502.31625,53782417.515692,215
lewisham,Lewisham,2010,15.82705,31.696227,238
lewisham,Lewisham,2011,15.185027,27.251932,268
lewisham,Lewisham,2012,25.201708,151.677397,301
lewisham,Lewisham,2013,17.919668,51.158718,410
lewisham,Lewisham,2014,21.6455,64.286573,513
lewisham,Lewisham,2015,21.699251,50.091021,534
lewisham,Lewisham,2016,385.894379,7499.899088,441
lewisham,Lewisham,2017,24.935585,177.013534,546
lewisham,Lewisham,2018,12.855683,44.834797,533
lewisham,Lewisham,2019,198.806878,4481.057832,629
lewisham,Lewisham,2020,10.117896,31.992148,604
lewisham,Lewisham,2021,7.40134,29.718774,975
lewisham,Lewisham,2022,96.38571,1777.164165,850
lewisham,Lewisham,2023,6.845822,12.065427,616
lewisham,Lewisham,2024,9.84151,57.041222,727
lewisham,Lewisham,2025,6.314933,12.040545,743
lewisham,Lewisham,2026,5.396586,9.846827,50
merton,Merton,1995,584.963358,1135.290695,31
merton,Merton,1996,1009131161331.1279,9887425714078.67,97
merton,Merton,1997,138.050881,458.419137,236
merton,Merton,1998,333.322714,3470.936237,403
merton,Merton,1999,3453.887435,26757.277096,88
merton,Merton,2000,160.499499,660.42247,165
merton,Merton,2001,20.011168,24.949407,751
merton,Merton,2002,474304590.98334,14386362174.500837,921
merton,Merton,2003,53.889146,796.822241,814
merton,Merton,2004,4412918.865714,136941448.769828,964
merton,Merton,2005,11.884131,22.198676,642
merton,Merton,2006,15.309189,46.141541,1031
merton,Merton,2007,17.383024,45.808177,1120
merton,Merton,2008,11.806329,21.271004,540
merton,Merton,2009,16.799745,93.411499,268
merton,Merton,2010,25.212386,195.871131,327
merton,Merton,2011,9136644982688.203,172631823571280.8,358
merton,Merton,2012,13.523465,25.892726,349
merton,Merton,2013,14.131908,22.229356,454
merton,Merton,2014,28.421669,111.136023,493
merton,Merton,2015,21.977172,87.463408,557
merton,Merton,2016,19.749703,68.514601,492
merton,Merton,2017,14.617617,26.874602,562
merton,Merton,2018,11.610695,51.663015,580
merton,Merton,2019,7.117587,11.711162,592
merton,Merton,2020,10.577396,35.297176,611
merton,Merton,2021,12.02311,95.141993,1087
merton,Merton,2022,9.861071,42.065489,819
merton,Merton,2023,1.8064403033927756e+16,4.305244118051811e+17,569
merton,Merton,2024,9.280135,55.872435,713
merton,Merton,2025,5.797137,12.952404,694
merton,Merton,2026,4.772537,5.785518,55
newham,Newham,1995,5.877640640308385e+55,5.12400831551039e+56,77
newham,Newham,1996,4474.77106,35427.909163,135
newham,Newham,1997,60495.093245,799434.834496,178
newham,Newham,1998,925.515902,8064.688113,348
newham,Newham,1999,3.611212167790337e+20,6.965053794003661e+21,373
newham,Newham,2000,194.787517,1022.727749,531
newham,Newham,2001,1.826986281698091e+47,4.409109544744186e+48,722
newham,Newham,2002,617.750267,14726.909225,1025
newham,Newham,2003,199.268488,3784.167836,1146
newham,Newham,2004,101.728603,1230.960299,1013
newham,Newham,2005,53.672097,369.700249,1048
newham,Newham,2006,2.585774354810535e+42,9.387464961557254e+43,1319
newham,Newham,2007,13162.552525,446931.716566,1157
newham,Newham,2008,605538794240082.2,1.363471144851128e+16,508
newham,Newham,2009,42506972.508836,535992116.04777,160
newham,Newham,2010,534987477.782302,7789534744.812513,213
newham,Newham,2011,40.359721,216.748615,182
newham,Newham,2012,15.469703,30.716192,207
newham,Newham,2013,23.504638,73.855443,334
newham,Newham,2014,75.059254,574.321851,458
newham,Newham,2015,96.757213,1021.714305,448
newham,Newham,2016,32.239726,104.394829,392
newham,Newham,2017,20.397771,40.344173,355
newham,Newham,2018,20.77121,125.51005,368
newham,Newham,2019,20.551943,74.284536,336
newham,Newham,2020,18.398699,71.709886,350
newham,Newham,2021,16.751776,74.439558,621
newham,Newham,2022,11.289299,26.960538,499
newham,Newham,2023,20.025181,113.684383,398
newham,Newham,2024,8.57668,24.280165,461
newham,Newham,2025,108.729538,2043.205658,453
newham,Newham,2026,4.077636,3.85525,41
redbridge,Redbridge,1995,1026.957252,5528.724391,41
redbridge,Redbridge,1996,1815.90655,18940.815207,129
redbridge,Redbridge,1997,153.600248,883.169258,294
redbridge,Redbridge,1998,93.452887,484.98791,443
redbridge,Redbridge,1999,197.567869,530.392407,176
redbridge,Redbridge,2000,1210.986451,13550.312221,326
redbridge,Redbridge,2001,3049620.792509,88331008.849923,845
redbridge,Redbridge,2002,237213304204253.34,8151996635648576.0,1182
redbridge,Redbridge,2003,43.817626,184.22099,1231
redbridge,Redbridge,2004,2.1981736381111473e+23,7.888963137290853e+24,1289
redbridge,Redbridge,2005,18.837457,40.553942,1082
redbridge,Redbridge,2006,260985051.127818,10387073154.220663,1585
redbridge,Redbridge,2007,16.657995,44.323372,1544
redbridge,Redbridge,2008,15.230833,116.575351,748
redbridge,Redbridge,2009,33.679853,314.886029,243
redbridge,Redbridge,2010,21.415495,86.788236,287
redbridge,Redbridge,2011,40837477231891.25,645697209740074.2,251
redbridge,Redbridge,2012,22.678982,142.871466,260
redbridge,Redbridge,2013,10.265694,20.611254,363
redbridge,Redbridge,2014,49.611459,758.346173,475
redbridge,Redbridge,2015,709.907076,15259.53314,491
redbridge,Redbridge,2016,17.570763,41.97904,457
redbridge,Redbridge,2017,17.689266,67.731099,484
redbridge,Redbridge,2018,28.918439,351.008274,484
redbridge,Redbridge,2019,12.990963,71.413368,498
redbridge,Redbridge,2020,10.538546,36.286034,521
redbridge,Redbridge,2021,9.584878,28.101227,897
redbridge,Redbridge,2022,8.523663,14.195528,674
redbridge,Redbridge,2023,7.786646,16.585522,510
redbridge,Redbridge,2024,9.732555,57.205513,575
redbridge,Redbridge,2025,7.484647,35.136523,660
redbridge,Redbridge,2026,7.514874,17.593068,58
richmond_upon_thames,Richmond Upon Thames,1995,346.290266,761.016202,32
richmond_upon_thames,Richmond Upon Thames,1996,369.891848,2257.185132,171
richmond_upon_thames,Richmond Upon Thames,1997,126.100206,716.831778,395
richmond_upon_thames,Richmond Upon Thames,1998,382.99561,7621.435782,576
richmond_upon_thames,Richmond Upon Thames,1999,4038.682598,43555.86814,134
richmond_upon_thames,Richmond Upon Thames,2000,172.911812,1568.969913,230
richmond_upon_thames,Richmond Upon Thames,2001,89.530813,1649.625682,914
richmond_upon_thames,Richmond Upon Thames,2002,27.302525,141.514315,1164
richmond_upon_thames,Richmond Upon Thames,2003,15.705579,18.716951,1017
richmond_upon_thames,Richmond Upon Thames,2004,6672.627241,231296.055407,1215
richmond_upon_thames,Richmond Upon Thames,2005,12.112599,30.682183,959
richmond_upon_thames,Richmond Upon Thames,2006,44.322027,1236.060533,1504
richmond_upon_thames,Richmond Upon Thames,2007,22.462008,185.861449,1365
richmond_upon_thames,Richmond Upon Thames,2008,10.592271,9.600798,650
richmond_upon_thames,Richmond Upon Thames,2009,6.761082,6.403703,391
richmond_upon_thames,Richmond Upon Thames,2010,10.353542,24.178656,429
richmond_upon_thames,Richmond Upon Thames,2011,10.795339,21.198386,466
richmond_upon_thames,Richmond Upon Thames,2012,11.556611,18.921792,526
richmond_upon_thames,Richmond Upon Thames,2013,3379626832276.4917,80687484713929.2,571
richmond_upon_thames,Richmond Upon Thames,2014,100.38385,1972.505616,627
richmond_upon_thames,Richmond Upon Thames,2015,13.716648,26.554807,627
richmond_upon_thames,Richmond Upon Thames,2016,10.808132,10.397731,599
richmond_upon_thames,Richmond Upon Thames,2017,9.07053,11.022541,634
richmond_upon_thames,Richmond Upon Thames,2018,6.450408,6.198367,694
richmond_upon_thames,Richmond Upon Thames,2019,6.174694,9.999566,709
richmond_upon_thames,Richmond Upon Thames,2020,5.097725,6.088425,760
richmond_upon_thames,Richmond Upon Thames,2021,6.146807,20.517351,1317
richmond_upon_thames,Richmond Upon Thames,2022,6.626825,12.320686,965
richmond_upon_thames,Richmond Upon Thames,2023,5.205221,6.214172,695
richmond_upon_thames,Richmond Upon Thames,2024,5.597791,10.303332,829
richmond_upon_thames,Richmond Upon Thames,2025,29.015643,691.766994,797
richmond_upon_thames,Richmond Upon Thames,2026,3.576518,2.9228,62
southwark,Southwark,1995,462.855475,869.559811,13
southwark,Southwark,1996,752975462777.7501,5270828236823.592,50
southwark,Southwark,1997,212.645071,1243.935003,116
southwark,Southwark,1998,94.105202,223.820064,235
southwark,Southwark,1999,172889.50933,1775328.304298,107
southwark,Southwark,2000,1836360843459.7122,22714431913263.926,154
southwark,Southwark,2001,31.060254,110.346122,419
southwark,Southwark,2002,363.07917,7038.711819,475
southwark,Southwark,2003,38.261074,157.545831,462
southwark,Southwark,2004,34.055981,258.053424,538
southwark,Southwark,2005,17.907947,69.287983,481
southwark,Southwark,2006,19.186982,49.607618,626
southwark,Southwark,2007,20.975562,48.972052,575
southwark,Southwark,2008,14.190885,16.41731,246
southwark,Southwark,2009,18.605765,62.930885,129
southwark,Southwark,2010,14.376806,36.28551,190
southwark,Southwark,2011,14.170195,18.539182,203
southwark,Southwark,2012,12.077399,11.7725,228
southwark,Southwark,2013,17.692159,29.975922,266
southwark,Southwark,2014,48.797525,391.976228,280
southwark,Southwark,2015,167.073632,2417.988556,254
southwark,Southwark,2016,16.875938,26.048322,254
southwark,Southwark,2017,17.923405,56.650766,307
southwark,Southwark,2018,36.127192,487.176267,309
southwark,Southwark,2019,7.730829,7.791002,365
southwark,Southwark,2020,7.040603,7.832757,396
southwark,Southwark,2021,7.646953,13.71612,575
southwark,Southwark,2022,8.291402,17.648535,501
southwark,Southwark,2023,5.853042,6.803256,353
southwark,Southwark,2024,5.642767,7.769973,460
southwark,Southwark,2025,6.237834,10.760128,427
southwark,Southwark,2026,4.799332,5.540569,29
sutton,Sutton,1995,4733.04499,21975.786653,24
sutton,Sutton,1996,359504701.372335,2942671078.478793,68
sutton,Sutton,1997,51.041869,224.112239,222
sutton,Sutton,1998,67.318702,680.044587,371
sutton,Sutton,1999,2861.265795,23991.458885,83
sutton,Sutton,2000,89.890641,412.774058,157
sutton,Sutton,2001,9158.587783,264977.866065,841
sutton,Sutton,2002,56.034718,1103.088875,937
sutton,Sutton,2003,67279088.674482,2061639399.33039,940
sutton,Sutton,2004,16.154399,23.85825,973
sutton,Sutton,2005,8784.222814,230980.238329,695
sutton,Sutton,2006,12.277855,36.876397,1180
sutton,Sutton,2007,14.010227,46.727867,1225
sutton,Sutton,2008,1604275727.547348,39817076194.3893,617
sutton,Sutton,2009,9.045656,41.009066,309
sutton,Sutton,2010,8.223258,14.449258,303
sutton,Sutton,2011,10.761999,58.03532,298
sutton,Sutton,2012,8.575598,27.063394,362
sutton,Sutton,2013,10.037546,31.040655,431
sutton,Sutton,2014,15.050955,94.209652,492
sutton,Sutton,2015,14.152009,38.172932,492
sutton,Sutton,2016,12.589855,23.153445,536
sutton,Sutton,2017,10.328215,14.129316,539
sutton,Sutton,2018,10.487217,50.815909,557
sutton,Sutton,2019,6.583139,11.949719,604
sutton,Sutton,2020,9.378287,60.277599,565
sutton,Sutton,2021,7.028628,23.57799,1030
sutton,Sutton,2022,9.925706,56.320159,765
sutton,Sutton,2023,6.712259,14.130165,593
sutton,Sutton,2024,31.743927,675.279837,706
sutton,Sutton,2025,9.643017,119.889496,713
sutton,Sutton,2026,5.358175,7.735617,49
tower_hamlets,Tower Hamlets,1995,9803.493566,19670.674758,8
tower_hamlets,Tower Hamlets,1996,3349.436716,14592.469805,24
tower_hamlets,Tower Hamlets,1997,14368.135198,115311.119611,67
tower_hamlets,Tower Hamlets,1998,104.95054,346.854803,117
tower_hamlets,Tower Hamlets,1999,7.701962035197048e+20,4.87114849666484e+21,41
tower_hamlets,Tower Hamlets,2000,79.204972,224.740892,77
tower_hamlets,Tower Hamlets,2001,3684.011402,51521.962122,200
tower_hamlets,Tower Hamlets,2002,26.775744,46.506915,214
tower_hamlets,Tower Hamlets,2003,20.536454,24.236093,209
tower_hamlets,Tower Hamlets,2004,22.88628,68.004974,265
tower_hamlets,Tower Hamlets,2005,17.025623,61.630565,273
tower_hamlets,Tower Hamlets,2006,25.003523,155.992242,260
tower_hamlets,Tower Hamlets,2007,28.624972,135.467746,263
tower_hamlets,Tower Hamlets,2008,10.42396,6.394132,115
tower_hamlets,Tower Hamlets,2009,12.553899,24.462481,53
tower_hamlets,Tower Hamlets,2010,8.48527,4.142948,71
tower_hamlets,Tower Hamlets,2011,17.403889,32.244021,58
tower_hamlets,Tower Hamlets,2012,8.593251,13.770323,76
tower_hamlets,Tower Hamlets,2013,12.957029,18.625817,87
tower_hamlets,Tower Hamlets,2014,13.626812,20.527631,79
tower_hamlets,Tower Hamlets,2015,13.157052,16.324166,88
tower_hamlets,Tower Hamlets,2016,20.009431,50.614957,66
tower_hamlets,Tower Hamlets,2017,10.375593,9.276272,86
tower_hamlets,Tower Hamlets,2018,16.571722,78.514251,100
tower_hamlets,Tower Hamlets,2019,7.928594,9.506383,84
tower_hamlets,Tower Hamlets,2020,6.826201,7.664976,111
tower_hamlets,Tower Hamlets,2021,5.602865,4.946549,182
tower_hamlets,Tower Hamlets,2022,6.518264,9.31397,156
tower_hamlets,Tower Hamlets,2023,6.30098,9.213189,116
tower_hamlets,Tower Hamlets,2024,4.718177,5.625619,128
tower_hamlets,Tower Hamlets,2025,4.168935,3.464767,148
tower_hamlets,Tower Hamlets,2026,3.510396,3.176276,18
waltham_forest,Waltham Forest,1995,112246.509269,660489.776955,36
waltham_forest,Waltham Forest,1996,514.988613,2002.904468,106
waltham_forest,Waltham Forest,1997,1137.594259,9615.114309,234
waltham_forest,Waltham Forest,1998,2393130659015.777,50426391781608.97,445
waltham_forest,Waltham Forest,1999,445.312174,1546.437241,260
waltham_forest,Waltham Forest,2000,4953001.627882,100399869.357532,412
waltham_forest,Waltham Forest,2001,913.308792,22517.609423,784
waltham_forest,Waltham Forest,2002,82.231411,415.240973,970
waltham_forest,Waltham Forest,2003,106.897002,1475.129768,1039
waltham_forest,Waltham Forest,2004,39.676939,133.785383,1153
waltham_forest,Waltham Forest,2005,17159.41445,561193.634253,1093
waltham_forest,Waltham Forest,2006,30.840009,326.484596,1367
waltham_forest,Waltham Forest,2007,382.415123,12751.131452,1314
waltham_forest,Waltham Forest,2008,9.138210359696058e+59,2.2717230716185196e+61,619
waltham_forest,Waltham Forest,2009,31.251677,134.180276,296
waltham_forest,Waltham Forest,2010,124.50788,1498.54287,355
waltham_forest,Waltham Forest,2011,48.837762,421.028211,311
waltham_forest,Waltham Forest,2012,14.927462,35.364794,316
waltham_forest,Waltham Forest,2013,25.687361,151.219609,424
waltham_forest,Waltham Forest,2014,73.104341,467.260562,559
waltham_forest,Waltham Forest,2015,3266.323492,78694.665592,591
waltham_forest,Waltham Forest,2016,28.180902,82.797087,566
waltham_forest,Waltham Forest,2017,20.857515,41.468588,598
waltham_forest,Waltham Forest,2018,17.417895,33.410992,693
waltham_forest,Waltham Forest,2019,19.631944,169.008074,658
waltham_forest,Waltham Forest,2020,57.667031,1056.743603,683
waltham_forest,Waltham Forest,2021,20.421235,200.590949,1195
waltham_forest,Waltham Forest,2022,73.058108,1471.45691,819
waltham_forest,Waltham Forest,2023,13.045591,41.536635,674
waltham_forest,Waltham Forest,2024,25.278474,365.67399,811
waltham_forest,Waltham Forest,2025,12.933679,71.876952,826
waltham_forest,Waltham Forest,2026,8.539353,15.958561,72
wandsworth,Wandsworth,1995,168837559.31873,1296859067.10469,60
wandsworth,Wandsworth,1996,1803377489624.8982,27289978972940.88,230
wandsworth,Wandsworth,1997,245.428564,1561.756848,421
wandsworth,Wandsworth,1998,1.1612448071516554e+66,2.7529095520935974e+67,563
wandsworth,Wandsworth,1999,957248.088254,11043325.540331,137
wandsworth,Wandsworth,2000,107.249945,203.698649,253
wandsworth,Wandsworth,2001,30.097077,132.015196,947
wandsworth,Wandsworth,2002,64.005153,831.917877,1197
wandsworth,Wandsworth,2003,1299.414777,39422.564422,952
wandsworth,Wandsworth,2004,16.591438,26.826379,1165
wandsworth,Wandsworth,2005,13.648912,23.43175,977
wandsworth,Wandsworth,2006,13.987038,25.834133,1552
wandsworth,Wandsworth,2007,18.054568,41.95654,1410
wandsworth,Wandsworth,2008,15.17438,54.706637,631
wandsworth,Wandsworth,2009,13.585993,97.656155,408
wandsworth,Wandsworth,2010,43.266492,654.506826,541
wandsworth,Wandsworth,2011,16.382993,78.394615,503
wandsworth,Wandsworth,2012,14.871283,28.556133,476
wandsworth,Wandsworth,2013,17.031965,54.649507,570
wandsworth,Wandsworth,2014,16.249692,16.317411,575
wandsworth,Wandsworth,2015,89.354549,1791.890706,597
wandsworth,Wandsworth,2016,12.405333,11.387382,621
wandsworth,Wandsworth,2017,10.191627,11.963963,670
wandsworth,Wandsworth,2018,9.195103,22.584405,719
wandsworth,Wandsworth,2019,7.208893,28.679055,732
wandsworth,Wandsworth,2020,6.053396,19.518206,874
wandsworth,Wandsworth,2021,5.912237,13.935149,1260
wandsworth,Wandsworth,2022,5.965148,8.733274,1076
wandsworth,Wandsworth,2023,22.604436,479.226055,788
wandsworth,Wandsworth,2024,36.26564,906.016643,918
wandsworth,Wandsworth,2025,5.030871,15.99018,812
wandsworth,Wandsworth,2026,3.334125,2.538951,52
